io.net,BackDomainsAll Domains.com.org.io.net
io.net,BackDomainsAll Domains.com.org.io.net
io.net,BackDomainsAll Domains.com.org.io.net
io.net,All Domains.com.org.io.net
io.net,All Domains.com.org.io.net
io.net,All Domains.com.org.io.net
io.net,All Domains.com.org.io.net
io.net,All Domains.com.org.io.net
graphicdesign.io,graphicdesign.io
advertiser.io,advertiser.io
prices.io,prices.io
plane.io,plane.io
hostels.io,hostels.io
prices.io,prices.io
plane.io,plane.io
lad.io,lad.io
advertiser.io,advertiser.io
domainnames.io,domainnames.io
graphicdesign.io,graphicdesign.io
advertiser.io,advertiser.io
prices.io,prices.io
plane.io,plane.io
hostels.io,hostels.io
