xyz and .club,"Expired Domain Names677TLDs supported and rising!Thousands of domain names expire every day. The reasons are different. Some owners forgot to renew the
domains, some just don't want them anymore or they moved on to other projects.
For most people these so calledExpired Domainsdon't have any value.
They just see a bunch of Domain Names someone else deleted and move on, but for the people
who know about SEO or the value of good Backlinks,Expired Domain Namesare money just
waiting to get picked up from the street. The only problem is to separate the good ones from the bad ones.
That is where ExpiredDomains.net comes into play.ExpiredDomains.netgathers all the information you need to find goodExpired Domainsthat are Pending Delete and you canBackorder.
Depending on the domain extension you can search through thousands of domains every day before
they get released to the public and pick what you like.
ExpiredDomains.net currently supports677 TLDs.
From the classic gTLDs like .com, .net, .org to Droplists for ccTLDs you can only find here
and now we even support some of the best new gTLDs like .xyz and .club."
xyz and .club,"Thousands of domain names expire every day. The reasons are different. Some owners forgot to renew the
domains, some just don't want them anymore or they moved on to other projects.
For most people these so calledExpired Domainsdon't have any value.
They just see a bunch of Domain Names someone else deleted and move on, but for the people
who know about SEO or the value of good Backlinks,Expired Domain Namesare money just
waiting to get picked up from the street. The only problem is to separate the good ones from the bad ones.
That is where ExpiredDomains.net comes into play.ExpiredDomains.netgathers all the information you need to find goodExpired Domainsthat are Pending Delete and you canBackorder.
Depending on the domain extension you can search through thousands of domains every day before
they get released to the public and pick what you like.
ExpiredDomains.net currently supports677 TLDs.
From the classic gTLDs like .com, .net, .org to Droplists for ccTLDs you can only find here
and now we even support some of the best new gTLDs like .xyz and .club."
xyz and .club,"ExpiredDomains.netgathers all the information you need to find goodExpired Domainsthat are Pending Delete and you canBackorder.
Depending on the domain extension you can search through thousands of domains every day before
they get released to the public and pick what you like.
ExpiredDomains.net currently supports677 TLDs.
From the classic gTLDs like .com, .net, .org to Droplists for ccTLDs you can only find here
and now we even support some of the best new gTLDs like .xyz and .club."
za.zm,Original gTLDs.com.net.org.biz.info.mobi.name.eu.cat.aero.travel.asia.xxx.pro.tel.jobsccTLDs - Country Code TLDs.ac.ad.ae.af.ag.ai.am.ar.as.at.au.aw.ax.be.bf.bg.bh.bi.bj.bm.bn.bo.br.bw.by.bz.ca.cc.cd.ch.ci.cl.cm.cn.co.cr.cx.cz.de.dk.dm.do.dz.ec.ee.es.fi.fm.fo.fr.gd.ge.gh.gg.gi.gl.gs.gy.hk.hn.hr.ht.hu.id.ie.il.im.in.io.ir.is.it.je.jp.ke.kg.ki.kn.kr.kw.ky.kz.la.lb.lc.li.ls.lt.lu.lv.ly.ma.md.me.mg.mk.mm.mn.mo.ms.mu.mw.mx.my.mz.na.nl.nc.nf.ng.no.nu.nz.om.pe.pf.ph.pk.pl.pm.pr.pt.pw.qa.re.ro.rs.ru.rw.sa.sb.sc.se.sg.sh.si.sk.sl.sm.sn.so.st.su.sx.tc.tf.tg.th.tl.tn.tm.tz.to.tr.tv.tw.ua.ug.uk.us.uy.uz.vc.ve.vu.vg.wf.ws.yt.za.zm
tel.jobs,.com.net.org.biz.info.mobi.name.eu.cat.aero.travel.asia.xxx.pro.tel.jobs
za.zm,.ac.ad.ae.af.ag.ai.am.ar.as.at.au.aw.ax.be.bf.bg.bh.bi.bj.bm.bn.bo.br.bw.by.bz.ca.cc.cd.ch.ci.cl.cm.cn.co.cr.cx.cz.de.dk.dm.do.dz.ec.ee.es.fi.fm.fo.fr.gd.ge.gh.gg.gi.gl.gs.gy.hk.hn.hr.ht.hu.id.ie.il.im.in.io.ir.is.it.je.jp.ke.kg.ki.kn.kr.kw.ky.kz.la.lb.lc.li.ls.lt.lu.lv.ly.ma.md.me.mg.mk.mm.mn.mo.ms.mu.mw.mx.my.mz.na.nl.nc.nf.ng.no.nu.nz.om.pe.pf.ph.pk.pl.pm.pr.pt.pw.qa.re.ro.rs.ru.rw.sa.sb.sc.se.sg.sh.si.sk.sl.sm.sn.so.st.su.sx.tc.tf.tg.th.tl.tn.tm.tz.to.tr.tv.tw.ua.ug.uk.us.uy.uz.vc.ve.vu.vg.wf.ws.yt.za.zm
"2,660,774 Domains linked from Wikipedia.org","2,660,774 Domains linked from Wikipedia.org"
"com, but still allow helloworld24.com","added 3 new no numbers filtersThe new filters handle where in the domain name you are okay with numbers.no Numbers, except at the endno Numbers, except at the startno Numbers, except at the start or endThey remove stuff like x3fg4m.com or h3ll0w0rld.com, but still allow helloworld24.com."
"sport, .tatar","added Deleted Domain Lists for 34 ngTLDs.creditcard, .flowers, .new, .reise, .storage, .tickets, .watches, .abudhabi, .gent, .istanbul, .kids, 
.now, .lifestyle, .ruhr, .stockholm, .zuerich, .country, .property, .ngo, .ong, .versicherung, 
.hiphop, .rio, .radio, .osaka, .security, .diy, .food, .living, .bank, .krd, .physio, .sport, .tatar"
"tirol, 
.cologne","added Deleted Domain Lists for 166 ngTLDs.hamburg, .boo, .dad, .esq, .foo, .meme, .mov, .phd, .prof, .rsvp, .capetown, .durban, .joburg, .corsica, 
.mma, .kyoto, .nagoya, .okinawa, .ryukyu, .yokohama, .cymru, .vlaanderen, .accountant, .accountants, 
.actor, .adult, .apartments, .archi, .associates, .attorney, .audio, .auto, .bargains, .bingo, .black, 
.boston, .broker, .build, .builders, .cab, .camera, .camp, .cards, .careers, .catering, .ceo, .cheap, 
.claims, .cleaning, .computer, .condos, .contractors, .cooking, .coupons, .courses, .credit, .cruises, 
.dating, .degree, .dentist, .diamonds, .diet, .discount, .download, .exposed, .fail, .faith, .film, 
.fish, .fishing, .flights, .florist, .football, .forex, .forsale, .furniture, .futbol, .game, .garden, 
.gift, .gifts, .gives, .glass, .graphics, .gratis, .haus, .hockey, .holiday, .horse, .hospital, .hosting, 
.inc, .irish, .ist, .jewelry, .kaufen, .lease, .lgbt, .lighting, .limited, .limo, .luxe, .luxury, .maison, 
.markets, .mba, .menu, .moda, .mortgage, .movie, .organic, .plumbing, .poker, .porn, .promo, .racing, 
.recipes, .rehab, .reisen, .repair, .rodeo, .saarland, .salon, .sarl, .schule, .sex, .shoes, .singles, 
.ski, .soccer, .study, .sucks, .supplies, .supply, .surf, .surgery, .taipei, .taxi, .tennis, .theater, 
.tienda, .town, .toys, .trading, .tube, .vacations, .villas, .vodka, .vote, .voyage, .webcam, .giving, 
.how, .shiksha, .soy, .tattoo, .tires, .viajes, .voto, .quebec, .madrid, .music, .koeln, .wien, .tirol, 
.cologne"
"na, .kn","added Deleted Domain Lists for 24 ccTLDs.ge, .my, .tz, .lb, .bm, .mm, .mz, .pk, .bh, .vg, .ls, .ph, .zm, .ad, .ws, .cm, .bf, .cd, .gh, .kw, .mw, .sl, .na, .kn"
"nrw, .photo","added Deleted Domain Lists for 33 ngTLDs.bond, .click, .one, .lat, .africa, .amsterdam, .brussels, .realtor, .paris, .love, .eco, .kiwi, .wales, 
.xin, .sexy, .forum, .realestate, .feedback, .bot, .bar, .rest, .zip, .ing, .wang, .gay, .eus, .gal, 
.scot, .barcelona, .swiss, .bayern, .nrw, .photo"
"university, .vin","added Deleted Domain Lists for 219 ngTLDs.art, .agency, .blog, .buzz, .cfd, .cyou, .design, .digital, .fun, .group, .icu, .lol, .ltd, .sbs, 
.studio, .today, .vip, .work, .world, .email, .academy, .autos, .baby, .beauty, .best, .bet, .bid, 
.bio, .business, .cafe, .cam, .capital, .care, .casino, .center, .chat, .church, .city, .coach, 
.coffee, .college, .community, .company, .consulting, .cool, .earth, .education, .energy, .events, 
.expert, .family, .farm, .finance, .fit, .foundation, .fund, .fyi, .games, .global, .gmbh, .guru, 
.hair, .health, .help, .homes, .host, .house, .ink, .international, .land, .law, .llc, .london, 
.makeup, .market, .marketing, .media, .mom, .monster, .network, .ninja, .ooo, .party, .photography, 
.photos, .pics, .plus, .pub, .quest, .rent, .rip, .rocks, .run, .school, .services, .support, .systems, 
.team, .technology, .tips, .tools, .trade, .training, .uno, .ventures, .video, .wiki, .win, .works, 
.wtf, .zone, .charity, .yachts, .software, .social, .skin, .pink, .pictures, .pet, .motorcycles, 
.legal, .christmas, .boats, .watch, .wine, .yoga, .wedding, .vegas, .vet, .vision, .tours, .tax, 
.style, .stream, .solar, .show, .science, .sale, .red, .rentals, .report, .reviews, .properties, 
.partners, .pizza, .press, .productions, .onl, .moe, .money, .management, .men, .miami, .loans, 
.loan, .jetzt, .immo, .institute, .gallery, .gold, .golf, .guide, .fashion, .fitness, .frl, .estate, 
.exchange, .direct, .directory, .dog, .day, .casa, .cash, .clinic, .clothing, .codes, .contact, 
.boutique, .band, .beer, .bike, .blue, .auction, .construction, .dance, .date, .deals, .delivery, 
.dental, .doctor, .domains, .engineer, .engineering, .enterprises, .equipment, .express, .fans, .fan, 
.financial, .green, .healthcare, .holdings, .investments, .insure, .immobilien, .industries, .kim, 
.kitchen, .lawyer, .melbourne, .parts, .place, .restaurant, .review, .shopping, .srl, .sydney, 
.university, .vin"
