sunvalleyrealestate.info,16/100,18/100,13,59,4h 01m
heilmusik.info,21/100,26/100,19,106,4h 01m
kylpyla.info,25/100,21/100,102,96,4h 01m
kpro.info,15/100,21/100,44,94,4h 01m
123top.info,21/100,42/100,84,"1,201",4h 01m
dnsb.info,16/100,30/100,153,228,4h 01m
bookinfo.info,16/100,15/100,23,42,4h 01m
emergencyvic.info,19/100,26/100,87,45,4h 01m
clcombat.info,25/100,30/100,28,147,4h 01m
discovermammals.org,20/100,19/100,41,120,6h 01m
unsaiklopedia.org,15/100,23/100,110,152,6h 01m
jumptutoring.org,15/100,15/100,23,56,6h 01m
snowmass21.org,18/100,32/100,367,537,6h 01m
taosmensshelter.org,20/100,18/100,22,34,6h 01m
crewsoccer.org,22/100,16/100,10,35,6h 01m
